INSERT INTO `leagues` (`id`, `league_name`) VALUES
(1001, 'Champions league 2017/18');

INSERT INTO `teams` (`id`, `team_name`) VALUES
(1001, 'Real Madrid'),
(1002, 'Bayern Munich'),
(1003, 'Chelsea'),
(1004, 'Juventus'),
(1005, 'Benfica'),
(1006, 'Monaco'),
(1007, 'Spartak Moscow'),
(1008, 'Shakhtar Donetsk'),
(1009, 'Barcelona'),
(1010, 'Atlético Madrid'),
(1011, 'Paris Saint-Germain'),
(1012, 'Borussia Dortmund'),
(1013, 'Sevilla'),
(1014, 'Manchester City'),
(1015, 'Porto'),
(1016, 'Manchester United'),
(1017, 'Napoli'),
(1018, 'Tottenham Hotspur'),
(1019, 'Basel'),
(1020, 'Olympiacos'),
(1021, 'Anderlecht'),
(1022, 'Liverpool'),
(1023, 'Roma'),
(1024, 'Besiktas'),
(1025, 'Celtic'),
(1026, 'CSKA Moscow'),
(1027, 'Sporting CP'),
(1028, 'APOEL'),
(1029, 'Feyenoord'),
(1030, 'Maribor'),
(1031, 'Qarabag'),
(1032, 'RB Leipzig');


INSERT INTO `groups` (id, group_name, league_id) VALUES
(1001, 'A', 1001),
(1002, 'B', 1001),
(1003, 'C', 1001),
(1004, 'D', 1001),
(1005, 'E', 1001),
(1006, 'F', 1001),
(1007, 'G', 1001),
(1008, 'H', 1001);

INSERT INTO `games` (id, matchday, kickoff_at, home_team_goals, away_team_goals, home_team_id, away_team_id, group_id, league_id) VALUES
(1001, 1, '2017-09-12 20:45:00', 1, 2, 1005, 1026, 1001, 1001),
(1002, 1, '2017-09-12 20:45:00', 3, 0, 1016, 1019, 1001, 1001),
(1003, 2, '2017-09-27 20:45:00', 5, 0, 1019, 1005, 1001, 1001),
(1004, 2, '2017-09-27 20:45:00', 1, 4, 1026, 1016, 1001, 1001),
(1005, 3, '2017-10-18 20:45:00', 0, 2, 1026, 1019, 1001, 1001),
(1006, 3, '2017-10-18 20:45:00', 0, 1, 1005, 1016, 1001, 1001),
(1007, 4, '2017-10-31 20:45:00', 1, 2, 1019, 1026, 1001, 1001),
(1008, 4, '2017-10-31 20:45:00', 2, 0, 1016, 1005, 1001, 1001),
(1009, 5, '2017-11-22 20:45:00', 2, 0, 1026, 1005, 1001, 1001),
(1010, 5, '2017-11-22 20:45:00', 1, 0, 1019, 1016, 1001, 1001),
(1011, 6, '2017-12-05 20:45:00', 0, 2, 1005, 1019, 1001, 1001),
(1012, 6, '2017-12-05 20:45:00', 2, 1, 1016, 1026, 1001, 1001),

(1013, 1, '2017-09-12 20:45:00', 3, 0, 1002, 1021, 1002, 1001),
(1014, 1, '2017-09-12 20:45:00', 0, 5, 1025, 1011, 1002, 1001),
(1015, 2, '2017-09-27 20:45:00', 3, 0, 1011, 1002, 1002, 1001),
(1016, 2, '2017-09-27 20:45:00', 0, 3, 1021, 1025, 1002, 1001),
(1017, 3, '2017-10-18 20:45:00', 0, 4, 1021, 1011, 1002, 1001),
(1018, 3, '2017-10-18 20:45:00', 3, 0, 1002, 1025, 1002, 1001),
(1019, 4, '2017-10-31 20:45:00', 5, 0, 1011, 1021, 1002, 1001),
(1020, 4, '2017-10-31 20:45:00', 1, 2, 1025, 1002, 1002, 1001),
(1021, 5, '2017-11-22 20:45:00', 1, 2, 1021, 1002, 1002, 1001),
(1022, 5, '2017-11-22 20:45:00', 7, 1, 1011, 1025, 1002, 1001),
(1023, 6, '2017-12-05 20:45:00', 3, 1, 1002, 1011, 1002, 1001),
(1024, 6, '2017-12-05 20:45:00', 0, 1, 1025, 1021, 1002, 1001),

(1025, 1, '2017-09-12 20:45:00', 6, 0, 1003, 1031, 1003, 1001),
(1026, 1, '2017-09-12 20:45:00', 0, 0, 1023, 1010, 1003, 1001),
(1027, 2, '2017-09-27 20:45:00', 1, 2, 1031, 1023, 1003, 1001),
(1028, 2, '2017-09-27 20:45:00', 1, 2, 1010, 1003, 1003, 1001),
(1029, 3, '2017-10-18 20:45:00', 0, 0, 1031, 1010, 1003, 1001),
(1030, 3, '2017-10-18 20:45:00', 3, 3, 1003, 1023, 1003, 1001),
(1031, 4, '2017-10-31 20:45:00', 1, 1, 1010, 1031, 1003, 1001),
(1032, 4, '2017-10-31 20:45:00', 3, 0, 1023, 1003, 1003, 1001),
(1033, 5, '2017-11-22 20:45:00', 0, 4, 1031, 1003, 1003, 1001),
(1034, 5, '2017-11-22 20:45:00', 2, 0, 1010, 1023, 1003, 1001),
(1035, 6, '2017-12-05 20:45:00', 1, 1, 1003, 1010, 1003, 1001),
(1036, 6, '2017-12-05 20:45:00', 1, 0, 1023, 1031, 1003, 1001),

(1037, 1, '2017-09-12 20:45:00', 3, 0, 1009, 1004, 1004, 1001),
(1038, 1, '2017-09-12 20:45:00', 2, 3, 1020, 1027, 1004, 1001),
(1039, 2, '2017-09-27 20:45:00', 0, 1, 1027, 1009, 1004, 1001),
(1040, 2, '2017-09-27 20:45:00', 2, 0, 1004, 1020, 1004, 1001),
(1041, 3, '2017-10-18 20:45:00', 2, 1, 1004, 1027, 1004, 1001),
(1042, 3, '2017-10-18 20:45:00', 3, 1, 1009, 1020, 1004, 1001),
(1043, 4, '2017-10-31 20:45:00', 1, 1, 1027, 1004, 1004, 1001),
(1044, 4, '2017-10-31 20:45:00', 0, 0, 1020, 1009, 1004, 1001),
(1045, 5, '2017-11-22 20:45:00', 0, 0, 1004, 1009, 1004, 1001),
(1046, 5, '2017-11-22 20:45:00', 3, 1, 1027, 1020, 1004, 1001),
(1047, 6, '2017-12-05 20:45:00', 2, 0, 1009, 1027, 1004, 1001),
(1048, 6, '2017-12-05 20:45:00', 0, 2, 1020, 1004, 1004, 1001),

(1049, 1, '2017-09-12 20:45:00', 1, 1, 1030, 1007, 1005, 1001),
(1050, 1, '2017-09-12 20:45:00', 2, 2, 1022, 1013, 1005, 1001),
(1051, 2, '2017-09-27 20:45:00', 3, 0, 1013, 1030, 1005, 1001),
(1052, 2, '2017-09-27 20:45:00', 1, 1, 1007, 1022, 1005, 1001),
(1053, 3, '2017-10-18 20:45:00', 5, 1, 1007, 1013, 1005, 1001),
(1054, 3, '2017-10-18 20:45:00', 0, 7, 1030, 1022, 1005, 1001),
(1055, 4, '2017-10-31 20:45:00', 2, 1, 1013, 1007, 1005, 1001),
(1056, 4, '2017-10-31 20:45:00', 3, 0, 1022, 1030, 1005, 1001),
(1057, 5, '2017-11-22 20:45:00', 1, 1, 1007, 1030, 1005, 1001),
(1058, 5, '2017-11-22 20:45:00', 3, 3, 1013, 1022, 1005, 1001),
(1059, 6, '2017-12-05 20:45:00', 1, 1, 1030, 1013, 1005, 1001),
(1060, 6, '2017-12-05 20:45:00', 7, 0, 1022, 1007, 1005, 1001),

(1061, 1, '2017-09-12 20:45:00', 0, 4, 1029, 1014, 1006, 1001),
(1062, 1, '2017-09-12 20:45:00', 2, 1, 1008, 1017, 1006, 1001),
(1063, 2, '2017-09-27 20:45:00', 3, 1, 1017, 1029, 1006, 1001),
(1064, 2, '2017-09-27 20:45:00', 2, 0, 1014, 1008, 1006, 1001),
(1065, 3, '2017-10-18 20:45:00', 2, 1, 1014, 1017, 1006, 1001),
(1066, 3, '2017-10-18 20:45:00', 1, 2, 1029, 1008, 1006, 1001),
(1067, 4, '2017-10-31 20:45:00', 2, 4, 1017, 1014, 1006, 1001),
(1068, 4, '2017-10-31 20:45:00', 3, 1, 1008, 1029, 1006, 1001),
(1069, 5, '2017-11-22 20:45:00', 1, 0, 1014, 1029, 1006, 1001),
(1070, 5, '2017-11-22 20:45:00', 3, 0, 1017, 1008, 1006, 1001),
(1071, 6, '2017-12-05 20:45:00', 2, 1, 1029, 1017, 1006, 1001),
(1072, 6, '2017-12-05 20:45:00', 2, 1, 1008, 1014, 1006, 1001),

(1073, 1, '2017-09-12 20:45:00', 1, 1, 1032, 1006, 1007, 1001),
(1074, 1, '2017-09-12 20:45:00', 1, 3, 1015, 1024, 1007, 1001),
(1075, 2, '2017-09-27 20:45:00', 2, 0, 1024, 1032, 1007, 1001),
(1076, 2, '2017-09-27 20:45:00', 0, 3, 1006, 1015, 1007, 1001),
(1077, 3, '2017-10-18 20:45:00', 1, 2, 1006, 1024, 1007, 1001),
(1078, 3, '2017-10-18 20:45:00', 3, 2, 1032, 1015, 1007, 1001),
(1079, 4, '2017-10-31 20:45:00', 1, 1, 1024, 1006, 1007, 1001),
(1080, 4, '2017-10-31 20:45:00', 3, 1, 1015, 1032, 1007, 1001),
(1081, 5, '2017-11-22 20:45:00', 1, 1, 1024, 1015, 1007, 1001),
(1082, 5, '2017-11-22 20:45:00', 1, 4, 1006, 1032, 1007, 1001),
(1083, 6, '2017-12-05 20:45:00', 1, 2, 1032, 1024, 1007, 1001),
(1084, 6, '2017-12-05 20:45:00', 5, 2, 1015, 1006, 1007, 1001),

(1085, 1, '2017-09-12 20:45:00', 3, 0, 1001, 1028, 1008, 1001),
(1086, 1, '2017-09-12 20:45:00', 3, 1, 1018, 1012, 1008, 1001),
(1087, 2, '2017-09-27 20:45:00', 1, 3, 1012, 1001, 1008, 1001),
(1088, 2, '2017-09-27 20:45:00', 0, 3, 1028, 1018, 1008, 1001),
(1089, 3, '2017-10-18 20:45:00', 1, 1, 1028, 1012, 1008, 1001),
(1090, 3, '2017-10-18 20:45:00', 1, 1, 1001, 1018, 1008, 1001),
(1091, 4, '2017-10-31 20:45:00', 1, 1, 1012, 1028, 1008, 1001),
(1092, 4, '2017-10-31 20:45:00', 3, 1, 1018, 1001, 1008, 1001),
(1093, 5, '2017-11-22 20:45:00', 0, 6, 1028, 1001, 1008, 1001),
(1094, 5, '2017-11-22 20:45:00', 1, 2, 1012, 1018, 1008, 1001),
(1095, 6, '2017-12-05 20:45:00', 3, 2, 1001, 1012, 1008, 1001),
(1096, 6, '2017-12-05 20:45:00', 3, 0, 1018, 1028, 1008, 1001);

INSERT INTO `teams_leagues` (`team_id`, `league_id`) VALUES
(1001, 1001),
(1002, 1001),
(1003, 1001),
(1004, 1001),
(1005, 1001),
(1006, 1001),
(1007, 1001),
(1008, 1001),
(1009, 1001),
(1010, 1001),
(1011, 1001),
(1012, 1001),
(1013, 1001),
(1014, 1001),
(1015, 1001),
(1016, 1001),
(1017, 1001),
(1018, 1001),
(1019, 1001),
(1020, 1001),
(1021, 1001),
(1022, 1001),
(1023, 1001),
(1024, 1001),
(1025, 1001),
(1026, 1001),
(1027, 1001),
(1028, 1001),
(1029, 1001),
(1030, 1001),
(1031, 1001),
(1032, 1001);

INSERT INTO `teams_groups` (`team_id`, `group_id`) VALUES
(1016, 1001),
(1019, 1001),
(1026, 1001),
(1005, 1001),

(1011, 1002),
(1002, 1002),
(1025, 1002),
(1021, 1002),

(1023, 1003),
(1003, 1003),
(1010, 1003),
(1031, 1003),

(1009, 1004),
(1004, 1004),
(1027, 1004),
(1020, 1004),

(1022, 1005),
(1013, 1005),
(1007, 1005),
(1030, 1005),

(1014, 1006),
(1008, 1006),
(1017, 1006),
(1029, 1006),

(1024, 1007),
(1015, 1007),
(1032, 1007),
(1006, 1007),

(1018, 1008),
(1001, 1008),
(1012, 1008),
(1028, 1008);

